BatchSize,Approach,Time(sec),CPU Utilization (%),Memory Usage (MB)
10,sequential,2.027768135070801,,
100,sequential,2.0290002822875977,,
750,sequential,2.0150363445281982,,
5000,sequential,2.0209715366363525,,
10000,sequential,2.0186381340026855,,
50000,sequential,4.019039869308472,,
100000,sequential,6.0188515186309814,,
200000,sequential,8.024799823760986,,
500000,sequential,18.02522301673889,0.0,13.0703125
1000000,sequential,34.102007150650024,0.0,13.07421875
